--
-- PostgreSQL database dump
--

-- Dumped from database version 15.1
-- Dumped by pg_dump version 15.1 (Homebrew)

SET statement_timeout = 0;
SET lock_timeout = 0;
SET idle_in_transaction_session_timeout = 0;
SET client_encoding = 'UTF8';
SET standard_conforming_strings = on;
SELECT pg_catalog.set_config('search_path', '', false);
SET check_function_bodies = false;
SET xmloption = content;
SET client_min_messages = warning;
SET row_security = off;

--
-- Name: article_processor; Type: DATABASE; Schema: -; Owner: jeez
--

CREATE DATABASE article_processor WITH TEMPLATE = template0 ENCODING = 'UTF8' LOCALE_PROVIDER = icu LOCALE = 'en_US.UTF-8' ICU_LOCALE = 'en-US';


ALTER DATABASE article_processor OWNER TO jeez;

\connect article_processor

SET statement_timeout = 0;
SET lock_timeout = 0;
SET idle_in_transaction_session_timeout = 0;
SET client_encoding = 'UTF8';
SET standard_conforming_strings = on;
SELECT pg_catalog.set_config('search_path', '', false);
SET check_function_bodies = false;
SET xmloption = content;
SET client_min_messages = warning;
SET row_security = off;

SET default_tablespace = '';

SET default_table_access_method = heap;

--
-- Name: alembic_version; Type: TABLE; Schema: public; Owner: postgres
--

CREATE TABLE public.alembic_version (
    version_num character varying(32) NOT NULL
);


ALTER TABLE public.alembic_version OWNER TO postgres;

--
-- Name: anti_plagiarism_result; Type: TABLE; Schema: public; Owner: postgres
--

CREATE TABLE public.anti_plagiarism_result (
    id integer NOT NULL,
    article_id integer NOT NULL,
    percentage_of_uniqueness integer NOT NULL,
    updated_at timestamp with time zone DEFAULT now() NOT NULL
);


ALTER TABLE public.anti_plagiarism_result OWNER TO postgres;

--
-- Name: anti_plagiarism_result_id_seq; Type: SEQUENCE; Schema: public; Owner: postgres
--

ALTER TABLE public.anti_plagiarism_result ALTER COLUMN id ADD GENERATED BY DEFAULT AS IDENTITY (
    SEQUENCE NAME public.anti_plagiarism_result_id_seq
    START WITH 1
    INCREMENT BY 1
    NO MINVALUE
    NO MAXVALUE
    CACHE 1
);


--
-- Name: article_author; Type: TABLE; Schema: public; Owner: postgres
--

CREATE TABLE public.article_author (
    id integer NOT NULL,
    user_id integer NOT NULL,
    article_id integer NOT NULL
);


ALTER TABLE public.article_author OWNER TO postgres;

--
-- Name: article_author_id_seq; Type: SEQUENCE; Schema: public; Owner: postgres
--

ALTER TABLE public.article_author ALTER COLUMN id ADD GENERATED BY DEFAULT AS IDENTITY (
    SEQUENCE NAME public.article_author_id_seq
    START WITH 1
    INCREMENT BY 1
    NO MINVALUE
    NO MAXVALUE
    CACHE 1
);


--
-- Name: article_form; Type: TABLE; Schema: public; Owner: postgres
--

CREATE TABLE public.article_form (
    id integer NOT NULL,
    scientific_adviser_fullname character varying,
    scientific_adviser_academic_degree character varying,
    scientific_adviser_academic_title character varying,
    scientific_adviser_institute character varying,
    scientific_adviser_department character varying,
    created_at timestamp with time zone DEFAULT now() NOT NULL,
    updated_at timestamp with time zone DEFAULT now() NOT NULL,
    formatted_docs_id integer,
    attached_docs_id integer,
    list_of_references character varying,
    keywords_rus character varying,
    keywords_eng character varying,
    title_rus character varying,
    title_eng character varying,
    abstract_rus character varying,
    abstract_eng character varying
);


ALTER TABLE public.article_form OWNER TO postgres;

--
-- Name: article_form_id_seq; Type: SEQUENCE; Schema: public; Owner: postgres
--

ALTER TABLE public.article_form ALTER COLUMN id ADD GENERATED BY DEFAULT AS IDENTITY (
    SEQUENCE NAME public.article_form_id_seq
    START WITH 1
    INCREMENT BY 1
    NO MINVALUE
    NO MAXVALUE
    CACHE 1
);


--
-- Name: file; Type: TABLE; Schema: public; Owner: postgres
--

CREATE TABLE public.file (
    id integer NOT NULL,
    path character varying,
    name character varying,
    size_kb integer NOT NULL,
    created_at timestamp with time zone DEFAULT now() NOT NULL
);


ALTER TABLE public.file OWNER TO postgres;

--
-- Name: file_id_seq; Type: SEQUENCE; Schema: public; Owner: postgres
--

ALTER TABLE public.file ALTER COLUMN id ADD GENERATED BY DEFAULT AS IDENTITY (
    SEQUENCE NAME public.file_id_seq
    START WITH 1
    INCREMENT BY 1
    NO MINVALUE
    NO MAXVALUE
    CACHE 1
);


--
-- Name: user; Type: TABLE; Schema: public; Owner: postgres
--

CREATE TABLE public."user" (
    id integer NOT NULL,
    username character varying(30) NOT NULL,
    email character varying(100) NOT NULL,
    role character varying(20) NOT NULL,
    first_name character varying NOT NULL,
    last_name character varying NOT NULL,
    surname character varying NOT NULL,
    place_of_study character varying NOT NULL,
    study_group_number character varying NOT NULL,
    place_of_work character varying,
    social_network_url character varying,
    password_hash character varying NOT NULL,
    password_salt character varying NOT NULL,
    is_active boolean NOT NULL,
    created_at timestamp with time zone DEFAULT now() NOT NULL,
    updated_at timestamp with time zone DEFAULT now() NOT NULL,
    last_login timestamp with time zone DEFAULT now() NOT NULL
);


ALTER TABLE public."user" OWNER TO postgres;

--
-- Name: user_id_seq; Type: SEQUENCE; Schema: public; Owner: postgres
--

ALTER TABLE public."user" ALTER COLUMN id ADD GENERATED BY DEFAULT AS IDENTITY (
    SEQUENCE NAME public.user_id_seq
    START WITH 1
    INCREMENT BY 1
    NO MINVALUE
    NO MAXVALUE
    CACHE 1
);


--
-- Name: user_session; Type: TABLE; Schema: public; Owner: postgres
--

CREATE TABLE public.user_session (
    id integer NOT NULL,
    user_id integer NOT NULL,
    token character varying NOT NULL,
    refresh_token character varying,
    token_expired_at timestamp with time zone NOT NULL,
    refresh_token_expired_at timestamp with time zone
);


ALTER TABLE public.user_session OWNER TO postgres;

--
-- Name: user_session_id_seq; Type: SEQUENCE; Schema: public; Owner: postgres
--

ALTER TABLE public.user_session ALTER COLUMN id ADD GENERATED BY DEFAULT AS IDENTITY (
    SEQUENCE NAME public.user_session_id_seq
    START WITH 1
    INCREMENT BY 1
    NO MINVALUE
    NO MAXVALUE
    CACHE 1
);


--
-- Data for Name: alembic_version; Type: TABLE DATA; Schema: public; Owner: postgres
--

INSERT INTO public.alembic_version VALUES ('e021030e57fd');


--
-- Data for Name: anti_plagiarism_result; Type: TABLE DATA; Schema: public; Owner: postgres
--



--
-- Data for Name: article_author; Type: TABLE DATA; Schema: public; Owner: postgres
--

INSERT INTO public.article_author VALUES (1, 1, 1);
INSERT INTO public.article_author VALUES (2, 1, 2);
INSERT INTO public.article_author VALUES (3, 1, 3);
INSERT INTO public.article_author VALUES (4, 1, 4);
INSERT INTO public.article_author VALUES (5, 1, 6);
INSERT INTO public.article_author VALUES (6, 1, 7);
INSERT INTO public.article_author VALUES (7, 1, 8);
INSERT INTO public.article_author VALUES (8, 1, 9);
INSERT INTO public.article_author VALUES (9, 1, 10);
INSERT INTO public.article_author VALUES (10, 3, 11);


--
-- Data for Name: article_form; Type: TABLE DATA; Schema: public; Owner: postgres
--

INSERT INTO public.article_form VALUES (1, 'fio', '1', '2', '34', '4', '2023-06-04 19:34:40.509115+03', '2023-06-04 19:34:40.509115+03', NULL, NULL, '1231123112311231123112311231123112311231123112311231 12311231123112311231 1231 1231 1231 1231 12311231123112311231123112311231123112311231123112311231 12311231123112311231 1231 1231 1231 1231 1231', NULL, '', '', '', '', '');
INSERT INTO public.article_form VALUES (2, 'fio', '1', '2', '34', '4', '2023-06-04 19:38:13.214024+03', '2023-06-04 19:38:13.214024+03', NULL, NULL, '1231123112311231123112311231123112311231123112311231 12311231123112311231 1231 1231 1231 1231 12311231123112311231123112311231123112311231123112311231 12311231123112311231 1231 1231 1231 1231 1231', NULL, '', 'Test', 'Test', '1231123112311231123112311231123112311231123112311231 12311231123112311231 1231 1231 1231 1231 12311231123112311231123112311231123112311231123112311231 12311231123112311231 1231 1231 1231 1231 12311231123112311231123112311231123112311231123112311231 12311231123112311231 1231 1231 1231 1231 12311231123112311231123112311231123112311231123112311231 12311231123112311231 1231 1231 1231 1231 12311231123112311231123112311231123112311231123112311231 12311231123112311231 1231 1231 1231 1231 1231', '1231123112311231123112311231123112311231123112311231 12311231123112311231 1231 1231 1231 1231 12311231123112311231123112311231123112311231123112311231 12311231123112311231 1231 1231 1231 1231 12311231123112311231123112311231123112311231123112311231 12311231123112311231 1231 1231 1231 1231 12311231123112311231123112311231123112311231123112311231 12311231123112311231 1231 1231 1231 1231 12311231123112311231123112311231123112311231123112311231 12311231123112311231 1231 1231 1231 1231 1231');
INSERT INTO public.article_form VALUES (3, 'fio', '1', '2', '34', '4', '2023-06-04 19:39:42.118877+03', '2023-06-04 19:39:42.118877+03', NULL, NULL, '1231123112311231123112311231123112311231123112311231 12311231123112311231 1231 1231 1231 1231 12311231123112311231123112311231123112311231123112311231 12311231123112311231 1231 1231 1231 1231 1231', '123', '123123', 'Test', 'Test', '1231123112311231123112311231123112311231123112311231 12311231123112311231 1231 1231 1231 1231 12311231123112311231123112311231123112311231123112311231 12311231123112311231 1231 1231 1231 1231 12311231123112311231123112311231123112311231123112311231 12311231123112311231 1231 1231 1231 1231 12311231123112311231123112311231123112311231123112311231 12311231123112311231 1231 1231 1231 1231 12311231123112311231123112311231123112311231123112311231 12311231123112311231 1231 1231 1231 1231 1231', '1231123112311231123112311231123112311231123112311231 12311231123112311231 1231 1231 1231 1231 12311231123112311231123112311231123112311231123112311231 12311231123112311231 1231 1231 1231 1231 12311231123112311231123112311231123112311231123112311231 12311231123112311231 1231 1231 1231 1231 12311231123112311231123112311231123112311231123112311231 12311231123112311231 1231 1231 1231 1231 12311231123112311231123112311231123112311231123112311231 12311231123112311231 1231 1231 1231 1231 1231');
INSERT INTO public.article_form VALUES (4, 'Fiofiofio ', '12', '13', '14', '15', '2023-06-04 19:40:13.118119+03', '2023-06-04 19:40:13.118119+03', NULL, NULL, '123123', '123123', '123123', 'Rus', 'End', '2312', '23123');
INSERT INTO public.article_form VALUES (6, 'test', 'test', 'test', 'test', 'test', '2023-06-04 20:07:29.374361+03', '2023-06-04 20:07:29.374361+03', NULL, NULL, 'test', 'test', 'test', 'test', 'test', 'test', 'test');
INSERT INTO public.article_form VALUES (7, 'test', 'test', 'test', 'test', 'test', '2023-06-04 20:08:18.781321+03', '2023-06-04 20:08:18.781321+03', NULL, NULL, 'test', 'test', 'test', 'test', 'test', 'test', 'test');
INSERT INTO public.article_form VALUES (8, 'test', 'test', 'test', 'test', 'test', '2023-06-04 20:08:30.758994+03', '2023-06-04 20:08:30.758994+03', NULL, NULL, 'test', 'test', 'test', 'test', 'test', 'test', 'test');
INSERT INTO public.article_form VALUES (9, 'test', 'test', 'test', 'test', 'test', '2023-06-04 20:09:40.437+03', '2023-06-04 20:09:40.437+03', 1, NULL, 'test', 'test', 'test', 'test', 'test', 'test', 'test');
INSERT INTO public.article_form VALUES (10, 'Иванов Иван Контрактович', 'Молодец', 'Еще больший молодец', 'Институт молодцов и молодчин', 'Высшая школа молодцов', '2023-06-05 13:21:43.746769+03', '2023-06-05 13:21:43.746769+03', 2, NULL, '1. Vaswani, A., Shazeer, N., Parmar, N., Uszkoreit, J., Jones, L., Gomez, A. N., ... & Polosukhin, I. (2017). Attention is all you need. In Advances in Neural Information Processing Systems (pp. 5998-6008). [[PDF]](https://papers.nips.cc/paper/7181-attention-is-all-you-need.pdf)

2. Radford, A., Wu, J., Child, R., Luan, D., Amodei, D., & Sutskever, I. (2019). Language models are unsupervised multitask learners. OpenAI Blog, 1(8). [[Blog Post]](https://openai.com/blog/better-language-models/)

3. Radford, A., Narasimhan, K., Salimans, T., & Sutskever, I. (2018). Improving language understanding by generative pre-training. OpenAI Blog, 1(1). [[Blog Post]](https://openai.com/blog/language-unsupervised/)

4. Brown, T. B., Mann, B., Ryder, N., Subbiah, M., Kaplan, J., Dhariwal, P., ... & Amodei, D. (2020). Language models are few-shot learners. arXiv preprint arXiv:2005.14165. [[PDF]](https://arxiv.org/pdf/2005.14165.pdf)

5. Radford, A., & Mikolov, T. (2018). Improving language understanding with unsupervised learning. Technical report, OpenAI. [[PDF]](https://cdn.openai.com/better-language-models/language_models_are_unsupervised_multitask_learners.pdf)

6. Devlin, J., Chang, M. W., Lee, K., & Toutanova, K. (2019). BERT: Pre-training of deep bidirectional transformers for language understanding. In Proceedings of the 2019 Conference of the North American Chapter of the Association for Computational Linguistics: Human Language Technologies (Vol. 1, pp. 4171-4186). [[PDF]](https://www.aclweb.org/anthology/N19-1423.pdf)', 'ГПТ, молодцы', 'GPT, molodchi', 'Лечение жопы', 'Lechenie jhopi', 'Это аннотация на русском языке, которую я хай знает зачем сейчас пишу CTRL+C CTRL+VЭто аннотация на русском языке, которую я хай знает зачем сейчас пишу CTRL+C CTRL+VЭто аннотация на русском языке, которую я хай знает зачем сейчас пишу CTRL+C CTRL+VЭто аннотация на русском языке, которую я хай знает зачем сейчас пишу CTRL+C CTRL+VЭто аннотация на русском языке, которую я хай знает зачем сейчас пишу CTRL+C CTRL+VЭто аннотация на русском языке, которую я хай знает зачем сейчас пишу CTRL+C CTRL+VЭто аннотация на русском языке, которую я хай знает зачем сейчас пишу CTRL+C CTRL+VЭто аннотация на русском языке, которую я хай знает зачем сейчас пишу CTRL+C CTRL+VЭто аннотация на русском языке, которую я хай знает зачем сейчас пишу CTRL+C CTRL+VЭто аннотация на русском языке, которую я хай знает зачем сейчас пишу CTRL+C CTRL+VЭто аннотация на русском языке, которую я хай знает зачем сейчас пишу CTRL+C CTRL+VЭто аннотация на русском языке, которую я хай знает зачем сейчас пишу CTRL+C CTRL+V', 'This is an abstract in Russian, which I know why I am writing now CTRL+C CTRL+VThis is an abstract in Russian, which I know why I am writing now CTRL+C CTRL+VThis is an abstract in Russian, which I know why I am writing now CTRL+C CTRL+VThis is an abstract in Russian, which I know why I am writing now CTRL+C CTRL+VThis is an abstract in Russian, which I know why I am writing now CTRL+C CTRL+VThis is an abstract in Russian, which I know why I am writing now CTRL+C CTRL+VThis is an abstract in Russian, which I know why I am writing now CTRL+C CTRL+VThis is an abstract in Russian, which I know why I am writing now CTRL+C CTRL+VThis is an abstract in Russian, which I know why I am writing now CTRL+C CTRL+VThis is an abstract in Russian, which I know why I am writing now CTRL+C CTRL+VThis is an abstract in Russian, which I know why I am writing now CTRL+C CTRL+VThis is an abstract in Russian, which I know why I am writing now CTRL+C CTRL+VThis is an abstract in Russian, which I know why I am writing now CTRL+C CTRL+VThis is an abstract in Russian, which I know why I am writing now CTRL+C CTRL+VThis is an abstract in Russian, which I know why I am writing now CTRL+C CTRL+VThis is an abstract in Russian, which I know why I am writing now CTRL+C CTRL+VThis is an abstract in Russian, which I know why I am writing now CTRL+C CTRL+VThis is an abstract in Russian, which I know why I am writing now CTRL+C CTRL+VThis is an abstract in Russian, which I know why I am writing now CTRL+C CTRL+VThis is an abstract in Russian, which I know why I am writing now CTRL+C CTRL+V');
INSERT INTO public.article_form VALUES (11, 'Русский КАывжаыва Ахмедов', 'Кандидат в мастера по доте', 'Herald 1', 'ФСБ', 'ФСО', '2023-06-05 13:28:59.214488+03', '2023-06-05 13:28:59.214488+03', 3, NULL, 'Я умныйЯ умныйЯ умныйЯ умныйЯ умныйЯ умныйЯ умныйЯ умныйЯ умныйЯ умныйЯ умныйЯ умныйЯ умныйЯ умныйЯ умныйЯ умныйЯ умныйЯ умныйЯ умныйЯ умныйЯ умныйЯ умныйЯ умныйЯ умныйЯ умныйЯ умныйЯ умныйЯ умныйЯ умныйЯ умныйЯ умныйЯ умныйЯ умныйЯ умныйЯ умныйЯ умныйЯ умныйЯ умныйЯ умныйЯ умныйЯ умныйЯ умныйЯ умныйЯ умныйЯ умныйЯ умныйЯ умныйЯ умныйЯ умныйЯ умныйЯ умныйЯ умныйЯ умныйЯ умныйЯ умныйЯ умныйЯ умныйЯ умныйЯ умныйЯ умныйЯ умныйЯ умныйЯ умныйЯ умныйЯ умныйЯ умныйЯ умныйЯ умныйЯ умныйЯ умныйЯ умныйЯ умныйЯ умныйЯ умныйЯ умныйЯ умныйЯ умныйЯ умныйЯ умныйЯ умныйЯ умныйЯ умныйЯ умныйЯ умныйЯ умныйЯ умныйЯ умныйЯ умныйЯ умныйЯ умныйЯ умныйЯ умныйЯ умныйЯ умныйЯ умныйЯ умныйЯ умныйЯ умныйЯ умныйЯ умныйЯ умныйЯ умныйЯ умныйЯ умныйЯ умныйЯ умныйЯ умныйЯ умныйЯ умныйЯ умныйЯ умныйЯ умныйЯ умныйЯ умныйЯ умныйЯ умныйЯ умныйЯ умныйЯ умныйЯ умныйЯ умныйЯ умныйЯ умныйЯ умныйЯ умныйЯ умныйЯ умныйЯ умныйЯ умныйЯ умныйЯ умныйЯ умныйЯ умныйЯ умныйЯ умныйЯ умныйЯ умныйЯ умныйЯ умныйЯ умныйЯ умныйЯ умныйЯ умныйЯ умныйЯ умныйЯ умныйЯ умныйЯ умныйЯ умныйЯ умныйЯ умныйЯ умныйЯ умныйЯ умныйЯ умныйЯ умныйЯ умныйЯ умныйЯ умныйЯ умныйЯ умныйЯ умныйЯ умныйЯ умныйЯ умныйЯ умныйЯ умныйЯ умныйЯ умныйЯ умныйЯ умныйЯ умныйЯ умныйЯ умныйЯ умныйЯ умныйЯ умныйЯ умныйЯ умныйЯ умныйЯ умныйЯ умныйЯ умныйЯ умныйЯ умныйЯ умныйЯ умныйЯ умныйЯ умныйЯ умныйЯ умныйЯ умныйЯ умныйЯ умныйЯ умныйЯ умныйЯ умныйЯ умныйЯ умныйЯ умный', 'Я умныйЯ умныйЯ умныйЯ умныйЯ умныйЯ умныйЯ умныйЯ умныйЯ умныйЯ умныйЯ умныйЯ умныйЯ умныйЯ умныйЯ умныйЯ умныйЯ умныйЯ умныйЯ умныйЯ умныйЯ умныйЯ умныйЯ умныйЯ умныйЯ умныйЯ умныйЯ умныйЯ умныйЯ умныйЯ умныйЯ умныйЯ умныйЯ умныйЯ умныйЯ умныйЯ умныйЯ умныйЯ умныйЯ умныйЯ умный', 'Я умныйЯ умныйЯ умныйЯ умныйЯ умныйЯ умныйЯ умныйЯ умныйЯ умныйЯ умныйЯ умныйЯ умныйЯ умныйЯ умныйЯ умныйЯ умныйЯ умныйЯ умныйЯ умныйЯ умныйЯ умныйЯ умныйЯ умныйЯ умныйЯ умныйЯ умныйЯ умныйЯ умныйЯ умныйЯ умныйЯ умныйЯ умныйЯ умныйЯ умныйЯ умныйЯ умныйЯ умныйЯ умныйЯ умныйЯ умный', 'Я РУССКИЙ', 'I''M RUSSIAN', 'Я умныйЯ умныйЯ умныйЯ умныйЯ умныйЯ умныйЯ умныйЯ умныйЯ умныйЯ умныйЯ умныйЯ умныйЯ умныйЯ умныйЯ умныйЯ умныйЯ умныйЯ умныйЯ умныйЯ умныйЯ умныйЯ умныйЯ умныйЯ умныйЯ умныйЯ умныйЯ умныйЯ умныйЯ умныйЯ умныйЯ умныйЯ умныйЯ умныйЯ умныйЯ умныйЯ умныйЯ умныйЯ умныйЯ умныйЯ умный', 'Я умныйЯ умныйЯ умныйЯ умныйЯ умныйЯ умныйЯ умныйЯ умныйЯ умныйЯ умныйЯ умныйЯ умныйЯ умныйЯ умныйЯ умныйЯ умныйЯ умныйЯ умныйЯ умныйЯ умныйЯ умныйЯ умныйЯ умныйЯ умныйЯ умныйЯ умныйЯ умныйЯ умныйЯ умныйЯ умныйЯ умныйЯ умныйЯ умныйЯ умныйЯ умныйЯ умныйЯ умныйЯ умныйЯ умныйЯ умныйЯ умныйЯ умныйЯ умныйЯ умныйЯ умныйЯ умныйЯ умныйЯ умныйЯ умныйЯ умныйЯ умныйЯ умныйЯ умныйЯ умныйЯ умныйЯ умныйЯ умныйЯ умныйЯ умныйЯ умныйЯ умныйЯ умныйЯ умныйЯ умныйЯ умныйЯ умныйЯ умныйЯ умныйЯ умныйЯ умныйЯ умныйЯ умныйЯ умныйЯ умныйЯ умныйЯ умныйЯ умныйЯ умныйЯ умныйЯ умный');


--
-- Data for Name: file; Type: TABLE DATA; Schema: public; Owner: postgres
--

INSERT INTO public.file VALUES (1, '/Users/jeez/Desktop/Projects/article_processor/backend/formatted_files/formatted_doc_3c779ea0-44d6-4e38-95e7-28911aecee90.doc', 'formatted_doc_3c779ea0-44d6-4e38-95e7-28911aecee90.doc', 1, '2023-06-04 17:09:37.174571+03');
INSERT INTO public.file VALUES (2, '/Users/jeez/Desktop/Projects/article_processor/backend/formatted_files/formatted_doc_2e91512f-0f08-4e72-8e75-775f43b2e051.doc', 'formatted_doc_2e91512f-0f08-4e72-8e75-775f43b2e051.doc', 1, '2023-06-05 09:37:14.866143+03');
INSERT INTO public.file VALUES (3, '/Users/jeez/Desktop/Projects/article_processor/backend/formatted_files/formatted_doc_60d4a706-f605-443a-9871-65f08afcb1a7.doc', 'formatted_doc_60d4a706-f605-443a-9871-65f08afcb1a7.doc', 1, '2023-06-05 10:28:46.513754+03');


--
-- Data for Name: user; Type: TABLE DATA; Schema: public; Owner: postgres
--

INSERT INTO public."user" VALUES (3, 'boris_229', 'igor@gmail.com', 'user', 'igor', 'kuhotkin', 'huizhaet', 'Piter', '3530202/90202', 'Kraud', 'vk.com', '25022568e42c9b668e2380a3ecd61061a7926929c706d69083ca048aaefab406', 'c326efdfd564425ebcb30cbe0f70ba23', true, '2023-06-04 19:31:55.686719+03', '2023-06-04 19:31:55.686719+03', '2023-06-05 09:26:31.79588+03');
INSERT INTO public."user" VALUES (1, 'boris_228', 'boris@gmail.com', 'admin', 'ruslan', 'zolotarev', 'zad', 'Piter', '3530202/90202', 'Kraud', 'vk.com', '25022568e42c9b668e2380a3ecd61061a7926929c706d69083ca048aaefab406', 'c326efdfd564425ebcb30cbe0f70ba23', true, '2023-06-04 19:31:55.686719+03', '2023-06-04 19:31:55.686719+03', '2023-06-05 16:05:56.64338+03');


--
-- Data for Name: user_session; Type: TABLE DATA; Schema: public; Owner: postgres
--

INSERT INTO public.user_session VALUES (2, 1, '2108605e5b5d49118871abf7c2835ac9', 'f0e882f1ab234163923444211cfc01d7', '2023-06-04 19:55:42.285003+03', '2023-06-07 19:40:42.285004+03');
INSERT INTO public.user_session VALUES (3, 1, '50f678a9dcb44a538fd54fe190ebe7d9', '942542e1ed534656a2c973deff862e28', '2023-06-05 12:41:31.819684+03', '2023-06-08 12:26:31.819685+03');
INSERT INTO public.user_session VALUES (1, 1, '864563716ea7467bbdb1fa7e5e056f9b', '08a7417ef73246aba9178b857974297d', '2023-06-05 14:26:34.675417+03', '2023-06-07 19:32:56.674986+03');
INSERT INTO public.user_session VALUES (4, 1, '248b50d4ec584a8a9a2fae07b6d8b49c', '9bd92925ab50478083ffdd6dd918f56c', '2023-06-05 19:06:13.116207+03', '2023-06-08 18:51:13.116208+03');
INSERT INTO public.user_session VALUES (5, 1, 'd2669188cfe34fd68cbc68b312b949ec', '1b217778b3ea479881aa249b75bbb410', '2023-06-05 19:06:53.579253+03', '2023-06-08 18:51:53.579254+03');
INSERT INTO public.user_session VALUES (6, 1, '92ca156f44564a6ea4456143e6c64789', 'e0993bc456b541ce9753d030daec76dc', '2023-06-05 20:43:51.808615+03', '2023-06-08 19:05:56.663008+03');


--
-- Name: anti_plagiarism_result_id_seq; Type: SEQUENCE SET; Schema: public; Owner: postgres
--

SELECT pg_catalog.setval('public.anti_plagiarism_result_id_seq', 1, false);


--
-- Name: article_author_id_seq; Type: SEQUENCE SET; Schema: public; Owner: postgres
--

SELECT pg_catalog.setval('public.article_author_id_seq', 10, true);


--
-- Name: article_form_id_seq; Type: SEQUENCE SET; Schema: public; Owner: postgres
--

SELECT pg_catalog.setval('public.article_form_id_seq', 11, true);


--
-- Name: file_id_seq; Type: SEQUENCE SET; Schema: public; Owner: postgres
--

SELECT pg_catalog.setval('public.file_id_seq', 3, true);


--
-- Name: user_id_seq; Type: SEQUENCE SET; Schema: public; Owner: postgres
--

SELECT pg_catalog.setval('public.user_id_seq', 3, true);


--
-- Name: user_session_id_seq; Type: SEQUENCE SET; Schema: public; Owner: postgres
--

SELECT pg_catalog.setval('public.user_session_id_seq', 6, true);


--
-- Name: alembic_version alembic_version_pkc; Type: CONSTRAINT; Schema: public; Owner: postgres
--

ALTER TABLE ONLY public.alembic_version
    ADD CONSTRAINT alembic_version_pkc PRIMARY KEY (version_num);


--
-- Name: anti_plagiarism_result anti_plagiarism_result_pkey; Type: CONSTRAINT; Schema: public; Owner: postgres
--

ALTER TABLE ONLY public.anti_plagiarism_result
    ADD CONSTRAINT anti_plagiarism_result_pkey PRIMARY KEY (id);


--
-- Name: article_author article_author_pkey; Type: CONSTRAINT; Schema: public; Owner: postgres
--

ALTER TABLE ONLY public.article_author
    ADD CONSTRAINT article_author_pkey PRIMARY KEY (id);


--
-- Name: article_form article_form_pkey; Type: CONSTRAINT; Schema: public; Owner: postgres
--

ALTER TABLE ONLY public.article_form
    ADD CONSTRAINT article_form_pkey PRIMARY KEY (id);


--
-- Name: file file_pkey; Type: CONSTRAINT; Schema: public; Owner: postgres
--

ALTER TABLE ONLY public.file
    ADD CONSTRAINT file_pkey PRIMARY KEY (id);


--
-- Name: user user_email_key; Type: CONSTRAINT; Schema: public; Owner: postgres
--

ALTER TABLE ONLY public."user"
    ADD CONSTRAINT user_email_key UNIQUE (email);


--
-- Name: user user_pkey; Type: CONSTRAINT; Schema: public; Owner: postgres
--

ALTER TABLE ONLY public."user"
    ADD CONSTRAINT user_pkey PRIMARY KEY (id);


--
-- Name: user_session user_session_pkey; Type: CONSTRAINT; Schema: public; Owner: postgres
--

ALTER TABLE ONLY public.user_session
    ADD CONSTRAINT user_session_pkey PRIMARY KEY (id, token);


--
-- Name: user user_username_key; Type: CONSTRAINT; Schema: public; Owner: postgres
--

ALTER TABLE ONLY public."user"
    ADD CONSTRAINT user_username_key UNIQUE (username);


--
-- Name: anti_plagiarism_result anti_plagiarism_result_article_id_fkey; Type: FK CONSTRAINT; Schema: public; Owner: postgres
--

ALTER TABLE ONLY public.anti_plagiarism_result
    ADD CONSTRAINT anti_plagiarism_result_article_id_fkey FOREIGN KEY (article_id) REFERENCES public.article_form(id) ON UPDATE RESTRICT ON DELETE RESTRICT;


--
-- Name: article_author article_author_article_id_fkey; Type: FK CONSTRAINT; Schema: public; Owner: postgres
--

ALTER TABLE ONLY public.article_author
    ADD CONSTRAINT article_author_article_id_fkey FOREIGN KEY (article_id) REFERENCES public.article_form(id) ON UPDATE RESTRICT ON DELETE RESTRICT;


--
-- Name: article_author article_author_user_id_fkey; Type: FK CONSTRAINT; Schema: public; Owner: postgres
--

ALTER TABLE ONLY public.article_author
    ADD CONSTRAINT article_author_user_id_fkey FOREIGN KEY (user_id) REFERENCES public."user"(id) ON UPDATE RESTRICT ON DELETE RESTRICT;


--
-- Name: article_form article_form_attached_docs_id_fkey; Type: FK CONSTRAINT; Schema: public; Owner: postgres
--

ALTER TABLE ONLY public.article_form
    ADD CONSTRAINT article_form_attached_docs_id_fkey FOREIGN KEY (attached_docs_id) REFERENCES public.file(id) ON UPDATE RESTRICT ON DELETE RESTRICT;


--
-- Name: article_form article_form_formatted_docs_id_fkey; Type: FK CONSTRAINT; Schema: public; Owner: postgres
--

ALTER TABLE ONLY public.article_form
    ADD CONSTRAINT article_form_formatted_docs_id_fkey FOREIGN KEY (formatted_docs_id) REFERENCES public.file(id) ON UPDATE RESTRICT ON DELETE RESTRICT;


--
-- Name: user_session user_session_user_id_fkey; Type: FK CONSTRAINT; Schema: public; Owner: postgres
--

ALTER TABLE ONLY public.user_session
    ADD CONSTRAINT user_session_user_id_fkey FOREIGN KEY (user_id) REFERENCES public."user"(id) ON UPDATE RESTRICT ON DELETE RESTRICT;


--
-- PostgreSQL database dump complete
--

